{"cameraMode":{"drawMode":0,"name":"Shaded","section":"Shading Mode"},"sceneLighting":true,"audioPlay":false,"sceneViewState":{"m_AlwaysRefresh":false,"showFog":true,"showSkybox":true,"showFlares":true,"showImageEffects":true,"showParticleSystems":true,"showVisualEffectGraphs":true,"m_FxEnabled":true},"in2DMode":false,"pivot":{"x":4.0540056228637699,"y":1.2311201095581055,"z":4.686119079589844},"rotation":{"x":-0.15125277638435365,"y":-0.6964192986488342,"z":0.15390613675117494,"w":-0.6844148635864258},"size":12.737488746643067,"orthographic":true}